File,Selection,Notes,Time,Period,State,State_Period,BeginTime,EndTime,Dur.90...s.,BW.90...Hz.,Center.Freq..Hz.,Freq.5...Hz.,Freq.95...Hz.,FreqRange,CallType
sun_bp23_205c_selections_datetime.txt,95,pulse,2023-07-24T15:32:37Z,Day,R,Day,8984.289848,8985.02314,0.1707,117.188,35.156,29.297,146.484,HF,HFD
sun_bp23_205d_selections_datetime.txt,1,call,2023-07-24T17:52:36Z,Day,EF,Day,5986.508025,5987.375909,0.1905,15.625,46.875,39.062,54.688,HF,HFD
sun_bp23_205d_selections_datetime.txt,3,downsweep?,2023-07-24T18:03:12Z,Day,F,Day,6622.655534,6624.999284,1.7145,15.625,23.438,15.625,31.25,LF,LFR
sun_bp23_205d_selections_datetime.txt,5,pulse/call,2023-07-24T18:03:21Z,Day,F,Day,6631.780772,6633.391229,0.508,15.625,23.438,15.625,31.25,LF,LFR
sun_bp23_205d_selections_datetime.txt,7,20 Hz pulse,2023-07-24T18:03:49Z,Day,F,Day,6659.574425,6660.776466,0.508,7.812,15.625,15.625,23.438,LF,LFDB
sun_bp23_205d_selections_datetime.txt,9,20 Hz pulse,2023-07-24T18:03:58Z,Day,F,Day,6668.584771,6669.90284,0.5715,7.812,23.438,15.625,23.438,LF,LFDB
sun_bp23_205d_selections_datetime.txt,11,20 Hz pulse,2023-07-24T18:04:06Z,Day,F,Day,6676.995186,6678.16474,0.508,7.812,23.438,15.625,23.438,LF,LFDB
sun_bp23_205d_selections_datetime.txt,13,downsweep?,2023-07-24T18:04:12Z,Day,F,Day,6682.078697,6684.63177,0.8255,15.625,23.438,15.625,31.25,LF,LFR
sun_bp23_205d_selections_datetime.txt,15,pulse,2023-07-24T18:05:40Z,Day,F,Day,6770.112817,6771.284077,0.508,7.812,15.625,15.625,23.438,LF,LFDB
sun_bp23_205d_selections_datetime.txt,17,call/downsweep?,2023-07-24T18:08:29Z,Day,SU_F,Day,6939.745234,6941.629515,0.635,15.625,23.438,15.625,31.25,LF,LFR
sun_bp23_205d_selections_datetime.txt,19,40 Hz pulse,2023-07-24T18:13:38Z,Day,T,Day,7248.936648,7249.553913,0.1905,15.625,46.875,39.062,54.688,HF,HFD
sun_bp23_205d_selections_datetime.txt,21,20 Hz pulse?,2023-07-24T18:31:08Z,Day,F,Day,8298.979774,8300.511333,0.889,15.625,23.438,15.625,31.25,LF,LFR
sun_bp23_205d_selections_datetime.txt,23,20 Hz pulse?,2023-07-24T18:35:41Z,Day,T,Day,8571.7237,8573.304607,0.5715,15.625,23.438,15.625,31.25,LF,LFR
sun_bp23_205d_selections_datetime.txt,25,pulse?,2023-07-24T19:06:53Z,Day,T,Day,10443.19817,10443.84328,0.1905,15.625,39.062,31.25,46.875,HF,HFD
sun_bp23_205d_selections_datetime.txt,27,40 Hz,2023-07-24T19:11:34Z,Day,T,Day,10724.41161,10725.25165,0.254,15.625,39.062,31.25,46.875,HF,HFD
sun_bp23_205d_selections_datetime.txt,29,40 Hz,2023-07-24T19:15:00Z,Day,F,Day,10930.38695,10931.18986,0.1905,15.625,46.875,39.062,54.688,HF,HFD
sun_bp23_205d_selections_datetime.txt,31,20 Hz/downsweep,2023-07-24T19:36:12Z,Day,T,Day,12202.6191,12203.96966,0.5715,15.625,23.438,15.625,31.25,LF,LFR
sun_bp23_205d_selections_datetime.txt,33,40 Hz?,2023-07-24T19:59:31Z,Day,T,Day,13601.51687,13602.30585,0.1905,15.625,39.062,31.25,46.875,HF,HFD
sun_bp23_205d_selections_datetime.txt,35,20 Hz?,2023-07-24T18:05:22Z,Day,F,Day,6752.843213,6754.541851,0.508,15.625,23.438,15.625,31.25,LF,LFR
sun_bp23_205d_selections_datetime.txt,37,20 Hz?,2023-07-24T18:05:29Z,Day,F,Day,6759.446117,6760.764186,0.508,15.625,23.438,15.625,31.25,LF,LFR
sun_bp23_205d_selections_datetime.txt,39,40 Hz,2023-07-24T20:19:54Z,Twilight,T,Twilight,14824.281,14825.22778,0.254,15.625,39.062,31.25,46.875,HF,HFD
sun_bp23_205d_selections_datetime.txt,41,40 Hz,2023-07-24T20:16:40Z,Twilight,SU_T,Twilight,14630.5635,14631.37105,0.1905,15.625,39.062,31.25,46.875,HF,HFD
sun_bp23_205d_selections_datetime.txt,43,20 Hz?,2023-07-24T18:03:40Z,Day,F,Day,6650.597057,6651.910485,0.5715,15.625,23.438,15.625,31.25,LF,LFDB
sun_bp23_206f_selections_datetime.txt,1,pulse,2023-07-25T18:01:24Z,Day,EF,Day,7335.800554012,7336.806879644,0.576,23.438,23.438,15.625,39.062,LF,LFD
sun_bp23_206f_selections_datetime.txt,3,Call,2023-07-25T16:10:46Z,Day,F,Day,697.112972301,698.256158219,0.64,31.25,23.438,15.625,46.875,LF,LFDB
sun_bp23_206f_selections_datetime.txt,5,Call,2023-07-25T16:11:33Z,Day,F,Day,744.1598986,745.629103985,0.64,23.438,31.25,23.438,46.875,LF,LFDB
sun_bp23_206f_selections_datetime.txt,7,pulse,2023-07-25T16:15:55Z,Day,EF,Day,1006.789164541,1007.827692594,0.448,46.875,31.25,23.438,70.312,LF,LFDB
sun_bp23_206f_selections_datetime.txt,9,pulse,2023-07-25T16:16:04Z,Day,EF,Day,1015.834097877,1016.687462014,0.32,15.625,31.25,23.438,39.062,LF,LFD
sun_bp23_206f_selections_datetime.txt,11,call,2023-07-25T18:38:52Z,Day,T,Day,9583.103883,9584.804086,0.64,93.75,31.25,23.438,117.188,LF,LFDB
sun_bp23_206f_selections_datetime.txt,13,pulse,2023-07-25T18:44:25Z,Day,T,Day,9916.106991881,9917.165513,0.576,23.438,31.25,15.625,39.062,LF,LFD
sun_bp23_206f_selections_datetime.txt,15,pulse,2023-07-25T16:05:43Z,Day,EF,Day,394.557924511,395.612553774,0.512,15.625,23.438,15.625,31.25,LF,LFD
sun_bp23_206f_selections_datetime.txt,17,pulse,2023-07-25T16:20:23Z,Day,F,Day,1274.793289486,1275.894566,0.512,15.625,23.438,15.625,31.25,LF,LFD
sun_bp23_206f_selections_datetime.txt,19,pulse,2023-07-25T16:27:17Z,Day,F,Day,1688.173983,1689.381665,0.512,15.625,31.25,23.438,39.062,LF,LFD
sun_bp23_206f_selections_datetime.txt,21,pulse,2023-07-25T16:31:07Z,Day,EF,Day,1918.135321,1919.229534,0.512,23.438,23.438,15.625,39.062,LF,LFD
sun_bp23_212d_selections_datetime.txt,1,pulse,2023-07-31T11:03:54Z,Day,EF,Day,1689.761384,1690.41125,0.256,99.609,41.016,35.156,134.766,HF,HFD
sun_bp23_212d_selections_datetime.txt,3,pulse (good example),2023-07-31T11:12:22Z,Day,EF,Day,2197.598776,2198.176363,0.1707,105.469,46.875,35.156,140.625,HF,HFD
sun_bp23_212d_selections_datetime.txt,5,pulse,2023-07-31T12:33:52Z,Day,EF,Day,7087.040381,7087.512952,0.256,128.906,41.016,35.156,164.062,HF,HFD
sun_bp23_212d_selections_datetime.txt,7,pulse,2023-07-31T12:35:11Z,Day,EF,Day,7166.577923,7167.103003,0.256,117.188,41.016,35.156,152.344,HF,HFD
sun_bp23_212d_selections_datetime.txt,9,pulse,2023-07-31T12:38:53Z,Day,EF,Day,7388.943327,7389.599676,0.1707,82.031,41.016,35.156,117.188,HF,HFD
sun_bp23_212d_selections_datetime.txt,11,pulse,2023-07-31T13:13:30Z,Day,R,Day,9465.981602,9466.795475,0.4267,134.766,29.297,23.438,158.203,LF,LFDB
sun_bp23_212d_selections_datetime.txt,13,pulse,2023-07-31T20:04:44Z,Twilight,R,Day,34139.98342,34140.98107,0.3413,11.719,29.297,23.438,35.156,LF,LFDB
sun_bp23_212d_selections_datetime.txt,15,pulse,2023-08-01T01:00:00Z,Night,R,Night,51855.85124,51856.45508,0.3413,117.188,41.016,35.156,152.344,HF,W
sun_bp23_212d_selections_datetime.txt,17,pulse,2023-08-01T06:02:51Z,Day,F,Day,70026.88178,70027.29252,0.1707,117.188,105.469,52.734,169.922,HHF,U
sun_bp23_213c_selections_datetime.txt,1,pulse?,2023-08-02T03:09:45Z,Night,T,Night,30028.997197195,30030.66205,0.64,85.938,31.25,15.625,101.562,LF,LFR
sun_bp24_204a_selections_datetime.txt,1,20 Hz,2024-07-22T20:33:45Z,Twilight,F,Twilight,10707.93288,10708.24137,0.0853,76.172,58.594,11.719,87.891,B,BP
sun_bp24_205d_selections_datetime.txt,1,20 Hz?,2024-07-23T16:58:18Z,Day,EF,Day,3114.472522,3115.204955851,0.32,15.625,7.812,0,15.625,B,BP
sun_bp24_205d_selections_datetime.txt,3,20 Hz?,2024-07-24T02:48:06Z,Night,F,Night,38502.848028946,38503.602303406,0.512,15.625,31.25,23.438,39.062,LF,LFDB
sun_bp24_207b_selections_datetime.txt,1,40 Hz,2024-07-25T10:02:51Z,Day,EF,Day,1365.177837353,1365.924195,0.192,23.438,70.312,54.688,78.125,HF,W
sun_bp24_207b_selections_datetime.txt,3,40 Hz,2024-07-25T10:05:39Z,Day,F,Day,1533.109708798,1533.731751,0.256,23.438,62.5,54.688,78.125,HF,HFD
sun_bp24_207b_selections_datetime.txt,5,40 Hz? faint,2024-07-25T10:07:54Z,Day,F,Day,1668.875562,1669.265413,0.192,23.438,70.312,54.688,78.125,HF,HFD
sun_bp24_209d_selections_datetime.txt,58,nfc 20 Hz? (2),2024-07-27T23:01:52Z,Night,R,Night,32058.945065511,32060.954478027,1.664,11.719,3.906,3.906,15.625,LF,LFR
sun_bp24_209d_selections_datetime.txt,80,nfc 40 Hz?,2024-07-28T01:15:57Z,Night,SU_R,Night,40103.394928186,40104.488422439,0.512,7.812,31.25,27.344,35.156,LF,LFC
sun_bp24_209d_selections_datetime.txt,78,20 Hz,2024-07-28T01:16:57Z,Night,R,Night,40163.290339176,40164.477294476,0.512,7.812,3.906,0,7.812,LF,BP
sun_bp24_209d_selections_datetime.txt,112,20 Hz,2024-07-28T02:26:37Z,Night,F,Night,44343.707957925,44345.128565843,0.512,11.719,23.438,19.531,31.25,LF,LFD
sun_bp24_209d_selections_datetime.txt,119,20 Hz doublet?,2024-07-28T02:31:29Z,Night,F,Night,44635.80284516,44636.877647203,0.512,7.812,19.531,15.625,23.438,LF,LFC
sun_bp24_209d_selections_datetime.txt,129,20 Hz,2024-07-28T02:33:47Z,Night,F,Night,44773.542489406,44775.150019419,0.896,11.719,23.438,15.625,27.344,LF,LFD
sun_bp24_209d_selections_datetime.txt,130,20 Hz,2024-07-28T02:33:57Z,Night,F,Night,44783.89827749,44784.907656801,0.384,7.812,19.531,15.625,23.438,LF,LFC
sun_bp24_209d_selections_datetime.txt,131,20 Hz,2024-07-28T02:34:04Z,Night,F,Night,44790.451079291,44791.796918372,0.64,7.812,19.531,15.625,23.438,LF,LFD
sun_bp24_209d_selections_datetime.txt,137,20 Hz,2024-07-28T02:35:39Z,Night,R,Night,44885.223834757,44886.233214068,0.512,7.812,19.531,15.625,23.438,LF,LFC
sun_bp24_209d_selections_datetime.txt,144,20 Hz,2024-07-28T02:37:23Z,Night,R,Night,44989.756921092,44991.027991335,0.384,7.812,23.438,19.531,27.344,LF,LFD
sun_bp24_209d_selections_datetime.txt,149,20 Hz,2024-07-28T02:38:06Z,Night,SU_R,Night,45032.922930862,45033.913617963,0.64,7.812,19.531,15.625,23.438,LF,LFC
sun_bp24_209d_selections_datetime.txt,150,20 Hz,2024-07-28T02:38:15Z,Night,SU_R,Night,45041.078352433,45042.396153199,0.64,7.812,19.531,15.625,23.438,LF,LFC
sun_bp24_209d_selections_datetime.txt,153,?,2024-07-28T02:38:31Z,Night,SU_R,Night,45057.131061986,45058.149787401,0.384,11.719,23.438,19.531,31.25,LF,LFD
sun_bp24_209d_selections_datetime.txt,160,20 Hz,2024-07-28T02:40:00Z,Night,R,Night,45146.587740453,45148.083117209,0.64,11.719,23.438,15.625,27.344,LF,LFD
sun_bp24_209d_selections_datetime.txt,165,20 Hz,2024-07-28T02:40:53Z,Night,R,Night,45199.347231386,45200.636993838,0.512,7.812,23.438,19.531,27.344,LF,LFD
sun_bp24_209d_selections_datetime.txt,166,20 Hz,2024-07-28T02:41:03Z,Night,R,Night,45209.902957375,45210.734760696,0.384,7.812,19.531,15.625,23.438,LF,LFC
sun_bp24_209d_selections_datetime.txt,167,20 Hz,2024-07-28T02:41:12Z,Night,R,Night,45218.125171788,45219.348863757,0.512,7.812,19.531,15.625,23.438,LF,LFD
sun_bp24_209d_selections_datetime.txt,168,20 Hz,2024-07-28T02:41:36Z,Night,R,Night,45242.33591,45244.117079943,0.768,11.719,23.438,15.625,27.344,LF,LFD
sun_bp24_209d_selections_datetime.txt,169,20 Hz,2024-07-28T02:41:46Z,Night,R,Night,45252.149398317,45253.30063484,0.384,7.812,19.531,15.625,23.438,LF,LFC
sun_bp24_209d_selections_datetime.txt,172,20 Hz,2024-07-28T02:42:20Z,Night,R,Night,45286.69727,45288.229847261,0.512,7.812,19.531,15.625,23.438,LF,LFC
sun_bp24_209d_selections_datetime.txt,174,20 Hz,2024-07-28T02:43:10Z,Night,R,Night,45336.718798476,45337.829781975,0.512,7.812,19.531,15.625,23.438,LF,LFC
sun_bp24_209d_selections_datetime.txt,175,20 Hz,2024-07-28T02:43:19Z,Night,SU_R,Night,45345.3443994,45346.439281689,0.64,7.812,19.531,15.625,23.438,LF,LFC
sun_bp24_209d_selections_datetime.txt,176,nfc 20 Hz?,2024-07-28T02:43:26Z,Night,SU_R,Night,45352.922204686,45353.952682134,0.512,11.719,23.438,19.531,31.25,LF,LFD
sun_bp24_209d_selections_datetime.txt,177,20 Hz,2024-07-28T02:46:06Z,Night,F,Night,45512.300483922,45513.339011975,0.384,7.812,23.438,19.531,27.344,LF,LFD
sun_bp24_209d_selections_datetime.txt,178,20 Hz,2024-07-28T02:46:22Z,Night,F,Night,45528.186445897,45529.208872739,0.384,7.812,23.438,19.531,27.344,LF,LFD
sun_bp24_209d_selections_datetime.txt,179,20 Hz,2024-07-28T02:46:29Z,Night,F,Night,45535.86691956,45537.082560924,0.384,7.812,23.438,19.531,27.344,LF,LFD
sun_bp24_209d_selections_datetime.txt,181,20 Hz,2024-07-28T02:46:47Z,Night,F,Night,45553.89792577,45555.371186496,0.64,11.719,23.438,19.531,31.25,LF,LFD
sun_bp24_209d_selections_datetime.txt,182,20 Hz,2024-07-28T02:46:57Z,Night,F,Night,45563.258483064,45564.433871403,0.512,7.812,19.531,15.625,23.438,LF,LFD
sun_bp24_209d_selections_datetime.txt,183,20 Hz,2024-07-28T02:47:01Z,Night,F,Night,45567.57515763,45568.975962911,0.64,7.812,23.438,19.531,27.344,LF,LFD
sun_bp24_209d_selections_datetime.txt,189,20 Hz,2024-07-28T02:47:42Z,Night,F,Night,45608.21384618301,45609.348981496,0.512,7.812,19.531,15.625,23.438,LF,LFD
sun_bp24_209d_selections_datetime.txt,191,20 Hz,2024-07-28T02:48:15Z,Night,F,Night,45641.259002712,45642.40218863,0.64,11.719,23.438,19.531,31.25,LF,LFD
sun_bp24_209d_selections_datetime.txt,192,20 Hz,2024-07-28T02:48:31Z,Night,F,Night,45657.783318795,45658.958707134,0.256,7.812,19.531,15.625,23.438,LF,LFD
sun_bp24_209d_selections_datetime.txt,197,20 Hz,2024-07-28T02:50:51Z,Night,SU_F,Night,45797.696571821,45799.041022866,0.512,7.812,23.438,19.531,27.344,LF,LFD
sun_bp24_209d_selections_datetime.txt,203,20 Hz,2024-07-28T02:52:06Z,Night,SU_F,Night,45872.573791947,45873.797483916,0.64,7.812,23.438,19.531,27.344,LF,LFD
sun_bp24_209d_selections_datetime.txt,209,20 Hz,2024-07-28T02:53:06Z,Night,F,Night,45932.39844,45933.652645605,0.768,11.719,23.438,19.531,31.25,LF,LFD
sun_bp24_209d_selections_datetime.txt,210,20 Hz,2024-07-28T02:53:16Z,Night,F,Night,45942.669201661,45943.683577899,0.512,7.812,19.531,15.625,23.438,LF,LFC
sun_bp24_209d_selections_datetime.txt,211,20 Hz,2024-07-28T02:53:25Z,Night,F,Night,45951.349127833,45952.427908911,0.512,7.812,19.531,15.625,23.438,LF,LFC
sun_bp24_209d_selections_datetime.txt,212,20 Hz,2024-07-28T02:53:34Z,Night,F,Night,45960.32357456,45961.474811084,0.512,7.812,19.531,15.625,23.438,LF,LFC
sun_bp24_209d_selections_datetime.txt,213,20 Hz,2024-07-28T02:53:44Z,Night,F,Night,45970.628232426,45971.819721975,0.512,7.812,19.531,15.625,23.438,LF,LFC
sun_bp24_209d_selections_datetime.txt,214,20 Hz,2024-07-28T02:53:52Z,Night,F,Night,45978.470085165,45979.758181975,0.512,7.812,19.531,15.625,23.438,LF,LFC
sun_bp24_209d_selections_datetime.txt,215,20 Hz,2024-07-28T02:54:02Z,Night,F,Night,45988.345405451,45989.383933504,0.512,7.812,19.531,15.625,23.438,LF,LFC
sun_bp24_209d_selections_datetime.txt,216,20 Hz,2024-07-28T02:54:09Z,Night,F,Night,45995.888330006,45997.208629235,0.512,7.812,19.531,15.625,23.438,LF,LFD
sun_bp24_209d_selections_datetime.txt,217,20 Hz,2024-07-28T02:54:20Z,Night,F,Night,46006.16964,46007.442095446,0.512,7.812,19.531,15.625,23.438,LF,LFC
sun_bp24_209d_selections_datetime.txt,218,20 Hz,2024-07-28T02:54:28Z,Night,F,Night,46014.417687266,46015.810441942,0.64,7.812,19.531,15.625,23.438,LF,LFC
sun_bp24_209d_selections_datetime.txt,219,20 Hz,2024-07-28T02:54:36Z,Night,F,Night,46022.652921821,46023.94101863,0.64,7.812,19.531,15.625,23.438,LF,LFC
sun_bp24_209d_selections_datetime.txt,223,20 Hz,2024-07-28T02:55:29Z,Night,F,Night,46075.54364,46076.51287,0.512,7.812,23.438,19.531,27.344,LF,LFD
sun_bp24_209d_selections_datetime.txt,224,20 Hz,2024-07-28T02:55:39Z,Night,F,Night,46085.157705132,46086.099625924,0.512,7.812,19.531,15.625,23.438,LF,LFD
sun_bp24_209d_selections_datetime.txt,225,20 Hz,2024-07-28T02:55:57Z,Night,F,Night,46103.955723795,46105.227719395,0.512,7.812,23.438,19.531,27.344,LF,LFD
sun_bp24_209d_selections_datetime.txt,230,20 Hz,2024-07-28T02:56:51Z,Night,F,Night,46157.267780292,46158.539775891,0.512,7.812,23.438,19.531,27.344,LF,LFD
sun_bp24_209d_selections_datetime.txt,231,20 Hz,2024-07-28T02:57:02Z,Night,F,Night,46168.08717,46169.431531975,0.64,7.812,19.531,15.625,23.438,LF,LFC
sun_bp24_209d_selections_datetime.txt,232,20 Hz,2024-07-28T02:57:11Z,Night,F,Night,46177.41025,46178.51579137,0.64,7.812,19.531,15.625,23.438,LF,LFC
sun_bp24_209d_selections_datetime.txt,233,20 Hz,2024-07-28T02:57:20Z,Night,F,Night,46186.365098762,46187.508284681,0.512,7.812,19.531,15.625,23.438,LF,LFC
sun_bp24_209d_selections_datetime.txt,234,20 Hz,2024-07-28T02:57:29Z,Night,F,Night,46195.888346056,46196.838317453,0.512,7.812,19.531,15.625,23.438,LF,LFC
sun_bp24_209d_selections_datetime.txt,235,20 Hz,2024-07-28T02:57:36Z,Night,F,Night,46202.068114879,46203.710438311,0.64,7.812,23.438,19.531,27.344,LF,LFD
sun_bp24_209d_selections_datetime.txt,236,20 Hz,2024-07-28T02:57:46Z,Night,F,Night,46212.96153214,46214.104718058,0.512,7.812,19.531,15.625,23.438,LF,LFC
sun_bp24_209d_selections_datetime.txt,237,20 Hz,2024-07-28T02:57:56Z,Night,SU_F,Night,46222.45321,46223.677910732,0.512,7.812,19.531,15.625,23.438,LF,LFC
sun_bp24_209d_selections_datetime.txt,238,20 Hz,2024-07-28T02:58:04Z,Night,SU_F,Night,46230.934682778,46232.085919301,0.64,7.812,19.531,15.625,23.438,LF,LFC
sun_bp24_209d_selections_datetime.txt,240,20 Hz,2024-07-28T02:58:21Z,Night,SU_F,Night,46247.674501535,46248.737181403,0.64,7.812,19.531,15.625,23.438,LF,LFC
sun_bp24_209d_selections_datetime.txt,242,20 Hz,2024-07-28T02:58:40Z,Night,SU_F,Night,46266.31269,46267.336845581,0.64,7.812,19.531,15.625,23.438,LF,LFC
sun_bp24_209d_selections_datetime.txt,243,20 Hz,2024-07-28T02:58:49Z,Night,SU_F,Night,46275.08192,46276.201413949,0.64,7.812,19.531,15.625,23.438,LF,LFC
sun_bp24_209d_selections_datetime.txt,244,20 Hz,2024-07-28T02:58:57Z,Night,SU_F,Night,46283.083096056,46284.379243471,0.64,7.812,19.531,15.625,23.438,LF,LFC
sun_bp24_209d_selections_datetime.txt,245,20 Hz,2024-07-28T02:59:08Z,Night,SU_F,Night,46294.0253044,46294.959174587,0.512,7.812,19.531,15.625,23.438,LF,LFC
sun_bp24_209d_selections_datetime.txt,246,20 Hz,2024-07-28T02:59:16Z,Night,SU_F,Night,46302.86653,46304.165285891,0.512,7.812,19.531,15.625,23.438,LF,LFC
sun_bp24_209d_selections_datetime.txt,247,20 Hz,2024-07-28T02:59:26Z,Night,SU_F,Night,46312.243721535,46313.451312294,0.64,7.812,19.531,15.625,23.438,LF,LFC
sun_bp24_209d_selections_datetime.txt,248,20 Hz,2024-07-28T02:59:36Z,Night,SU_F,Night,46322.77982,46323.96371879,0.512,7.812,19.531,15.625,23.438,LF,LFC
sun_bp24_209d_selections_datetime.txt,249,20 Hz,2024-07-28T02:59:45Z,Night,F,Night,46331.613914686,46332.724898185,0.512,7.812,19.531,15.625,23.438,LF,LFC
sun_bp24_209d_selections_datetime.txt,252,20 Hz,2024-07-28T03:00:10Z,Night,F,Night,46356.309968031,46357.525609395,0.512,7.812,23.438,19.531,27.344,LF,LFD
sun_bp24_209d_selections_datetime.txt,262,20 Hz,2024-07-28T03:04:46Z,Night,F,Night,46632.584943383,46634.348025891,0.512,11.719,23.438,19.531,31.25,LF,LFD
sun_bp24_209d_selections_datetime.txt,263,20 Hz,2024-07-28T03:05:14Z,Night,F,Night,46660.14157,46661.584692866,0.512,7.812,19.531,15.625,23.438,LF,LFD
sun_bp24_209d_selections_datetime.txt,264,20 Hz,2024-07-28T03:05:58Z,Night,F,Night,46704.21719,46705.581401529,0.512,7.812,23.438,19.531,27.344,LF,LFD
sun_bp24_209d_selections_datetime.txt,271,20 Hz,2024-07-28T03:09:48Z,Night,SU_F,Night,46934.98961,46936.147208344,0.384,7.812,23.438,19.531,27.344,LF,LFD
sun_bp24_209d_selections_datetime.txt,272,20 Hz,2024-07-28T03:09:59Z,Night,SU_F,Night,46945.217426089,46946.545775924,0.64,7.812,19.531,15.625,23.438,LF,LFC
sun_bp24_209d_selections_datetime.txt,273,20 Hz,2024-07-28T03:10:07Z,Night,SU_F,Night,46953.798836661,46954.966174395,0.64,7.812,19.531,15.625,23.438,LF,LFC
sun_bp24_209d_selections_datetime.txt,274,20 Hz,2024-07-28T03:10:17Z,Night,SU_F,Night,46963.51268,46964.841489681,0.512,7.812,19.531,15.625,23.438,LF,LFC
sun_bp24_209d_selections_datetime.txt,275,20 Hz,2024-07-28T03:10:25Z,Night,SU_F,Night,46971.05448093,46972.398931975,0.64,7.812,19.531,15.625,23.438,LF,LFD
sun_bp24_209d_selections_datetime.txt,275,20 Hz,2024-07-28T03:10:25Z,Night,EF,Night,46971.05448093,46972.398931975,0.64,7.812,19.531,15.625,23.438,LF,LFD
sun_bp24_209d_selections_datetime.txt,277,20 Hz,2024-07-28T03:10:40Z,Night,EF,Night,46986.14688,46987.744559076,0.64,7.812,23.438,19.531,27.344,LF,LFD
sun_bp24_209d_selections_datetime.txt,284,nfc 20 Hz?,2024-07-28T03:14:14Z,Night,EF,Night,47200.904483476,47201.967163344,0.384,7.812,19.531,15.625,23.438,LF,LFC
sun_bp24_209d_selections_datetime.txt,296,20 Hz,2024-07-28T03:17:20Z,Night,SU_EF,Night,47386.005,47387.51197379,0.512,7.812,23.438,19.531,27.344,LF,LFD
sun_bp24_209d_selections_datetime.txt,299,20 Hz,2024-07-28T03:17:48Z,Night,SU_EF,Night,47414.295611216,47415.309987453,0.512,7.812,19.531,15.625,23.438,LF,LFC
sun_bp24_209d_selections_datetime.txt,301,20 Hz,2024-07-28T03:18:03Z,Night,SU_EF,Night,47429.860204367,47430.963137261,0.512,7.812,23.438,19.531,27.344,LF,LFD
sun_bp24_209d_selections_datetime.txt,303,20 Hz,2024-07-28T03:18:22Z,Night,SU_EF,Night,47448.817210132,47449.86378879,0.512,7.812,19.531,15.625,23.438,LF,LFC
sun_bp24_209d_selections_datetime.txt,304,20 Hz,2024-07-28T03:18:33Z,Night,SU_EF,Night,47459.20296,47460.32890484,0.512,7.812,19.531,15.625,23.438,LF,LFC
sun_bp24_209d_selections_datetime.txt,305,20 Hz,2024-07-28T03:18:42Z,Night,SU_EF,Night,47468.785170006,47469.847849873,0.512,7.812,19.531,15.625,23.438,LF,LFC
sun_bp24_209d_selections_datetime.txt,306,20 Hz,2024-07-28T03:18:49Z,Night,SU_EF,Night,47475.424879114,47476.737127739,0.768,11.719,19.531,15.625,27.344,LF,LFD
sun_bp24_209d_selections_datetime.txt,319,nfc 20 Hz?,2024-07-28T03:26:01Z,Night,R,Night,47907.988380611,47909.139617134,0.512,7.812,23.438,19.531,27.344,LF,LFD
sun_bp24_209d_selections_datetime.txt,327,20 Hz,2024-07-28T03:28:08Z,Night,R,Night,48034.054317712,48035.406819362,0.384,11.719,23.438,19.531,31.25,LF,LFD
sun_bp24_209d_selections_datetime.txt,329,20 Hz,2024-07-28T03:28:41Z,Night,R,Night,48067.550919114,48068.726307453,0.64,7.812,19.531,15.625,23.438,LF,LFC
sun_bp24_209d_selections_datetime.txt,330,20 Hz,2024-07-28T03:28:57Z,Night,R,Night,48083.758910292,48084.926248025,0.512,7.812,19.531,15.625,23.438,LF,LFC
sun_bp24_209d_selections_datetime.txt,331,20 Hz,2024-07-28T03:29:13Z,Night,R,Night,48099.016314081,48100.183651815,0.512,7.812,19.531,15.625,23.438,LF,LFC
sun_bp24_209d_selections_datetime.txt,333,20 Hz,2024-07-28T03:29:45Z,Night,SU_R,Night,48131.189653955,48132.115473537,0.384,7.812,19.531,15.625,23.438,LF,LFC
sun_bp24_209d_selections_datetime.txt,334,20 Hz,2024-07-28T03:30:00Z,Night,SU_R,Night,48146.6611,48147.920821848,0.64,7.812,19.531,15.625,23.438,LF,LFC
sun_bp24_209d_selections_datetime.txt,337,20 Hz,2024-07-28T03:30:08Z,Night,SU_R,Night,48154.113913064,48155.418111084,0.512,7.812,19.531,15.625,23.438,LF,LFC
sun_bp24_209d_selections_datetime.txt,336,20 Hz,2024-07-28T03:30:14Z,Night,SU_R,Night,48160.106247492,48161.893481815,0.512,11.719,19.531,15.625,27.344,LF,LFD
sun_bp24_209d_selections_datetime.txt,344,nfc 20 Hz?,2024-07-28T03:37:06Z,Night,F,Night,48572.763392585,48573.938780924,0.512,7.812,19.531,15.625,23.438,LF,LFC
sun_bp24_209d_selections_datetime.txt,345,nfc 20 Hz?,2024-07-28T03:37:22Z,Night,F,Night,48588.243726342,48589.32250742,0.64,7.812,19.531,15.625,23.438,LF,LFC
sun_bp24_209d_selections_datetime.txt,353,nfc 20 Hz?,2024-07-28T03:39:33Z,Night,F,Night,48719.180754114,48720.275636403,0.64,7.812,19.531,15.625,23.438,LF,LFC
sun_bp24_209d_selections_datetime.txt,355,nfc 20 Hz?,2024-07-28T03:40:04Z,Night,F,Night,48750.266519879,48751.466060033,0.64,7.812,19.531,15.625,23.438,LF,LFC
sun_bp24_209d_selections_datetime.txt,369,20 Hz,2024-07-28T03:43:57Z,Night,SU_EF,Night,48983.076280644,48984.952071623,0.512,11.719,23.438,19.531,31.25,LF,LFD
sun_bp24_209d_selections_datetime.txt,372,20 Hz,2024-07-28T03:44:24Z,Night,SU_EF,Night,49010.98961,49012.276018025,0.512,7.812,19.531,15.625,23.438,LF,LFC
sun_bp24_209d_selections_datetime.txt,373,20 Hz,2024-07-28T03:44:31Z,Night,SU_EF,Night,49017.986656089,49019.846345858,0.512,11.719,23.438,19.531,31.25,LF,LFD
sun_bp24_209d_selections_datetime.txt,374,20 Hz,2024-07-28T03:44:42Z,Night,SU_EF,Night,49028.200608669,49029.343794587,0.512,7.812,19.531,15.625,23.438,LF,LFC
sun_bp24_209d_selections_datetime.txt,375,20 Hz,2024-07-28T03:44:51Z,Night,SU_EF,Night,49037.068050644,49038.267590798,0.64,7.812,19.531,15.625,23.438,LF,LFC
sun_bp24_209d_selections_datetime.txt,376,20 Hz,2024-07-28T03:45:02Z,Night,SU_EF,Night,49048.00499,49049.204441084,0.64,7.812,19.531,15.625,23.438,LF,LFC
sun_bp24_209d_selections_datetime.txt,377,20 Hz,2024-07-28T03:45:11Z,Night,SU_EF,Night,49057.589353636,49058.684235924,0.512,7.812,19.531,15.625,23.438,LF,LFC
sun_bp24_209d_selections_datetime.txt,378,20 Hz,2024-07-28T03:45:17Z,Night,SU_EF,Night,49063.479844593,49065.210724681,0.512,11.719,23.438,19.531,31.25,LF,LFD
sun_bp24_209d_selections_datetime.txt,379,20 Hz,2024-07-28T03:45:27Z,Night,SU_EF,Night,49073.684880451,49074.803914554,0.512,7.812,19.531,15.625,23.438,LF,LFC
sun_bp24_209d_selections_datetime.txt,380,20 Hz,2024-07-28T03:45:34Z,Night,SU_EF,Night,49080.96868,49082.33504516,0.256,7.812,23.438,19.531,27.344,LF,LFD
sun_bp24_209d_selections_datetime.txt,381,20 Hz,2024-07-28T03:45:43Z,Night,SU_EF,Night,49089.952489719,49091.200333504,0.384,7.812,19.531,15.625,23.438,LF,LFC
sun_bp24_209d_selections_datetime.txt,382,20 Hz,2024-07-28T03:45:53Z,Night,SU_EF,Night,49099.43021,49100.587808344,0.384,7.812,19.531,15.625,23.438,LF,LFC
sun_bp24_209d_selections_datetime.txt,384,20 Hz,2024-07-28T03:46:12Z,Night,SU_EF,Night,49118.646771056,49119.387426722,0.384,7.812,19.531,15.625,23.438,LF,LFC
sun_bp24_209d_selections_datetime.txt,390,nfc 20 Hz?,2024-07-28T03:47:28Z,Night,T,Night,49194.167690038,49195.600697739,0.64,7.812,23.438,19.531,27.344,LF,LFD
sun_bp24_209d_selections_datetime.txt,394,20 Hz,2024-07-28T03:49:32Z,Night,T,Night,49318.18962,49319.318764268,0.512,11.719,19.531,15.625,27.344,LF,LFD
sun_bp24_209d_selections_datetime.txt,395,20 Hz,2024-07-28T03:49:48Z,Night,T,Night,49334.805,49335.849340957,0.384,7.812,19.531,15.625,23.438,LF,LFC
sun_bp24_209d_selections_datetime.txt,396,20 Hz,2024-07-28T03:50:04Z,Night,T,Night,49350.52941335,49351.728953504,0.384,7.812,19.531,15.625,23.438,LF,LFC
sun_bp24_209d_selections_datetime.txt,397,20 Hz,2024-07-28T03:50:22Z,Night,T,Night,49368.643721535,49370.044526815,0.64,7.812,19.531,15.625,23.438,LF,LFC
sun_bp24_209d_selections_datetime.txt,400,20 Hz,2024-07-28T03:57:25Z,Night,T,Night,49791.455863988,49792.921074109,0.768,15.625,23.438,11.719,27.344,LF,LFD
sun_bp24_209d_selections_datetime.txt,408,20 Hz,2024-07-28T03:58:03Z,Night,SU_T,Night,49829.970374274,49831.516090446,0.512,7.812,23.438,19.531,27.344,LF,LFD
sun_bp24_209d_selections_datetime.txt,409,20 Hz,2024-07-28T03:58:12Z,Night,SU_T,Night,49838.073189208,49839.192223311,0.512,7.812,19.531,15.625,23.438,LF,LFC
sun_bp24_209d_selections_datetime.txt,418,nfc 20 Hz?,2024-07-28T04:03:22Z,Night,SU_F,Night,50148.8177994,50149.614809301,0.512,11.719,19.531,11.719,23.438,LF,LFC
sun_bp24_209d_selections_datetime.txt,423,20 Hz,2024-07-28T04:04:32Z,Night,SU_F,Night,50218.352410451,50219.447292739,0.512,7.812,19.531,15.625,23.438,LF,LFC
sun_bp24_209d_selections_datetime.txt,424,20 Hz,2024-07-28T04:04:38Z,Night,SU_F,Night,50224.605183636,50226.42462038,0.896,11.719,19.531,15.625,27.344,LF,LFD
sun_bp24_209d_selections_datetime.txt,425,20 Hz,2024-07-28T04:04:54Z,Night,SU_F,Night,50240.754726375,50241.857659268,0.64,7.812,19.531,15.625,23.438,LF,LFC
sun_bp24_209d_selections_datetime.txt,426,20 Hz,2024-07-28T04:05:10Z,Night,SU_F,Night,50256.099742871,50257.186574554,0.64,7.812,19.531,15.625,23.438,LF,LFC
sun_bp24_209d_selections_datetime.txt,427,20 Hz,2024-07-28T04:05:28Z,Night,SU_F,Night,50274.841951216,50276.05759258,0.64,7.812,19.531,15.625,23.438,LF,LFC
sun_bp24_209d_selections_datetime.txt,428,20 Hz,2024-07-28T04:05:44Z,Night,SU_F,Night,50290.666819241,50291.850258185,0.512,7.812,19.531,15.625,23.438,LF,LFC
sun_bp24_209d_selections_datetime.txt,429,20 Hz,2024-07-28T04:06:00Z,Night,T,Night,50306.446588064,50307.613925798,0.512,7.812,19.531,15.625,23.438,LF,LFC
sun_bp24_209d_selections_datetime.txt,430,20 Hz,2024-07-28T04:06:16Z,Night,T,Night,50322.737837266,50323.808567739,0.512,7.812,19.531,15.625,23.438,LF,LFC
sun_bp24_209d_selections_datetime.txt,431,20 Hz,2024-07-28T04:06:32Z,Night,T,Night,50338.602958317,50339.746144235,0.64,7.812,19.531,15.625,23.438,LF,LFC
sun_bp24_209d_selections_datetime.txt,436,20 Hz,2024-07-28T04:07:06Z,Night,T,Night,50372.840503795,50374.321815127,0.512,11.719,23.438,19.531,31.25,LF,LFD
sun_bp24_209d_selections_datetime.txt,437,20 Hz,2024-07-28T04:07:14Z,Night,T,Night,50380.779517712,50382.180322992,0.384,7.812,23.438,19.531,27.344,LF,LFD
sun_bp24_209d_selections_datetime.txt,438,nfc 20 Hz?,2024-07-28T04:07:24Z,Night,T,Night,50390.616184686,50391.638611529,0.768,15.625,15.625,7.812,23.438,LF,LFC
